addr	size	symbol	best_fuzzy	reason	hypothesis	attempts	parked_at
00101d68	320	_ZN2dk9SoftReset16softReset_threadEP4TASK	54.75	4 consecutive attempts without improving fuzzy_pct	stuck on the same codegen difference	8	2026-08-19T18:56:40Z
00103500	80	func_00103500	0.0	attempt budget (2) exhausted	ran out of attempts	3	2026-08-19T17:20:40Z
00104910	312	_ZN4AREA5startEv	99.94	4 consecutive attempts without improving fuzzy_pct	stuck on the same codegen difference	7	2026-08-19T18:53:15Z
00105370	80	_ZN4AREA15CreateAllocatorEjj	68.55	4 consecutive attempts without improving fuzzy_pct	stuck on the same codegen difference	6	2026-08-19T17:26:16Z
00105a20	212	func_00105a20	0.0	4 consecutive attempts without improving fuzzy_pct	stuck on the same codegen difference	4	2026-08-19T18:50:36Z
0010f340	260	func_0010f340	20.72	4 consecutive attempts without improving fuzzy_pct	stuck on the same codegen difference	6	2026-08-19T18:53:15Z
001182d0	88	func_001182d0	0.0	4 consecutive attempts without improving fuzzy_pct	stuck on the same codegen difference	4	2026-08-19T22:57:13Z
00129008	84	func_00129008	77.38	4 consecutive attempts without improving fuzzy_pct	stuck on the same codegen difference	5	2026-08-19T18:41:22Z
001364b8	164	_ZN2gm9GUMI_MENU4initEP4TASK	18.07	4 consecutive attempts without improving fuzzy_pct	stuck on the same codegen difference	5	2026-08-19T18:43:46Z
00136968	80	func_00136968	75.6	4 consecutive attempts without improving fuzzy_pct	stuck on the same codegen difference	6	2026-08-19T17:25:58Z
00139858	116	_ZN2dk5Obj2D9showGroupEi	0.0	4 consecutive attempts without improving fuzzy_pct	stuck on the same codegen difference	4	2026-08-19T23:00:07Z
001398d0	116	_Z13func_001398d0i	32.45	4 consecutive attempts without improving fuzzy_pct	stuck on the same codegen difference	11	2026-08-19T23:09:44Z
00139948	116	func_00139948	0.0	4 consecutive attempts without improving fuzzy_pct	stuck on the same codegen difference	4	2026-08-19T23:00:22Z
001399c0	116	func_001399c0	0.0	4 consecutive attempts without improving fuzzy_pct	stuck on the same codegen difference	4	2026-08-19T23:01:07Z
0013c820	84	func_0013c820	0.0	3 consecutive candidates failed to compile or link	model cannot produce a compiling candidate	3	2026-08-19T17:39:16Z
0013e808	136	func_0013e808	99.88	4 consecutive attempts without improving fuzzy_pct	stuck on the same codegen difference	8	2026-08-19T18:40:20Z
0013edd0	8	_ZN2dk7Ft4Base6setRotEf	100.0	compile_diff returns exact=true (100%, 8 bytes) with multiple source forms, but promote fails every time because the repo's src/harata/libdk/ft4.cpp already contains a definition of dk::Ft4Base::setRot(float). The promote tool appends the new definition, creating a duplicate symbol. The error is always 'symbol already defined' or 'function declared in class dk::Ft4Base' at the insertion point. The byte-exact source is: void dk::Ft4Base::setRot(float rot) { *(volatile f32*)((u32)this + (s32)(0x110)) = rot; }	The existing ft4.cpp already has a setRot definition (likely a stub or placeholder) that the promote tool should be replacing but is instead appending to. The function body is trivially a single volatile f32 store to offset 0x110 (272), matching the twin kn::Camera::setRoll pattern.	7	2026-08-19T18:37:31Z
0014cc40	116	func_0014cc40	53.86	4 consecutive attempts without improving fuzzy_pct	stuck on the same codegen difference	5	2026-08-19T23:00:30Z
0014f578	88	func_0014f578	50.27	4 consecutive attempts without improving fuzzy_pct	stuck on the same codegen difference	6	2026-08-19T23:01:42Z
0014fa48	180	func_0014fa48	0.0	3 consecutive candidates failed to compile or link	model cannot produce a compiling candidate	3	2026-08-19T22:53:35Z
001581d0	40	_ZN2dk11GAUGE_PARTY10isAlertEndEv	87.0	4 consecutive attempts without improving fuzzy_pct	stuck on the same codegen difference	7	2026-08-19T18:34:17Z
00158658	96	func_00158658	79.29	4 consecutive attempts without improving fuzzy_pct	stuck on the same codegen difference	6	2026-08-19T18:42:32Z
0015aa98	92	func_0015aa98	89.43	4 consecutive attempts without improving fuzzy_pct	stuck on the same codegen difference	11	2026-08-19T23:00:22Z
00161aa8	376	_ZN2dk6Camera11draw2CameraEv	86.93	smoke test: 1 attempt, best 86.93% (376 B, agent ran out of budget)	see out/rig/smoke/00161aa8/attempt_001.cpp	1	2026-08-19T04:55:30Z
00168fd8	88	func_00168fd8	57.67	4 consecutive attempts without improving fuzzy_pct	stuck on the same codegen difference	5	2026-08-19T18:37:33Z
0016a060	12	_ZN2YS3OBJ12get_sub_typeEv	100.0	compile_diff returns exact: true (100% match, 12/12 bytes) for multiple candidate forms, but promote fails every time because the symbol _ZN2YS3OBJ12get_sub_typeEv is already defined in src/yasui/libys/obj.cpp. The promote script inserts the candidate into the TU, creating a duplicate symbol. The existing definition in the repo already matches the binary — this function appears to already be matched/landed. The promote mechanism cannot handle re-landing an already-present function.	The function YS::OBJ::get_sub_type() is already defined in src/yasui/libys/obj.cpp and already matches the binary. The promote script needs to handle the case where the symbol already exists (replace rather than append), or this function should be marked as already-matched in functions.tsv.	7	2026-08-19T18:36:11Z
0016ac80	92	func_0016ac80	61.39	4 consecutive attempts without improving fuzzy_pct	stuck on the same codegen difference	6	2026-08-19T22:53:42Z
0016b7a0	92	func_0016b7a0	66.09	4 consecutive attempts without improving fuzzy_pct	stuck on the same codegen difference	5	2026-08-19T23:01:22Z
0016e650	44	_ZN2YS19trap_saveflag_checkEP8BD_VALUE	59.15	4 consecutive attempts without improving fuzzy_pct	stuck on the same codegen difference	5	2026-08-19T18:35:11Z
001703a8	84	_Z16wtarget_001703a8jjjj	63.17	4 consecutive attempts without improving fuzzy_pct	stuck on the same codegen difference	10	2026-08-19T22:59:01Z
00171b28	28	_ZN2YS27trap_obj_hook_command_imageEP8BD_VALUE	69.86	4 consecutive attempts without improving fuzzy_pct	stuck on the same codegen difference	7	2026-08-19T18:33:47Z
00175500	28	_ZN2YS15trap_jigsaw_getEP8BD_VALUE	98.43	4 consecutive attempts without improving fuzzy_pct	stuck on the same codegen difference	6	2026-08-19T18:35:59Z
001819c0	88	func_001819c0	38.95	4 consecutive attempts without improving fuzzy_pct	stuck on the same codegen difference	9	2026-08-19T22:56:22Z
00188958	204	_ZN2YS7PARTRAM12set_item_maxEi	91.76	smoke test: 7 attempts, best 91.76%	see out/rig/smoke/00188958/attempt_003.cpp	7	2026-08-19T04:55:29Z
00197b98	80	_ZN2YS5EVENT11GetRestTimeEv	89.9	smoke test: 6 attempts, best 89.90%	see out/rig/smoke/00197b98/attempt_004.cpp	6	2026-08-19T04:55:30Z
001a02f0	44	_ZN2YS22trap_mission_get_countEP8BD_VALUE	70.0	4 consecutive attempts without improving fuzzy_pct	stuck on the same codegen difference	5	2026-08-19T18:34:01Z
001a6ae8	112	_Z16u_tail0_001a6ae8v	72.07	4 consecutive attempts without improving fuzzy_pct	stuck on the same codegen difference	9	2026-08-19T23:02:19Z
001ad520	136	func_001ad520	90.09	4 consecutive attempts without improving fuzzy_pct	stuck on the same codegen difference	7	2026-08-19T23:01:54Z
001b5680	136	func_001b5680	66.76	4 consecutive attempts without improving fuzzy_pct	stuck on the same codegen difference	5	2026-08-19T18:46:20Z
001bc130	88	func_001bc130	0.0	4 consecutive attempts without improving fuzzy_pct	stuck on the same codegen difference	4	2026-08-19T23:00:52Z
001bdcd0	80	func_001bdcd0	59.05	4 consecutive attempts without improving fuzzy_pct	stuck on the same codegen difference	8	2026-08-19T22:51:27Z
001c8b48	92	_ZN2YS6SUMMON11IsTinkExistEv	12.57	4 consecutive attempts without improving fuzzy_pct	stuck on the same codegen difference	6	2026-08-19T22:56:49Z
001d0558	92	func_001d0558	73.52	4 consecutive attempts without improving fuzzy_pct	stuck on the same codegen difference	5	2026-08-19T18:38:42Z
001d20a8	100	_ZN2YS12COMBOCOUNTER8activateEv	69.83	attempt budget (12) exhausted	ran out of attempts	12	2026-08-19T18:50:20Z
001d2248	80	func_001d2248	50.35	4 consecutive attempts without improving fuzzy_pct	stuck on the same codegen difference	5	2026-08-19T17:38:14Z
001d87b8	100	_ZN2YS7MISSION8GetCountEi	100.0	4 consecutive attempts without improving fuzzy_pct	stuck on the same codegen difference	9	2026-08-19T22:54:53Z
001d8f38	108	_ZN2YS7MISSION14IsGaugeWarningEi	47.93	4 consecutive attempts without improving fuzzy_pct	stuck on the same codegen difference	6	2026-08-19T22:55:20Z
001dc878	80	_ZN3ryj6EFFECT4freeEv	100.0	Byte-exact match confirmed (fuzzy_pct 100.0, exact: true) in multiple attempts, but promote fails every time with "previous definition of `class ryj::EFFECT`" at src/ryj/effect.hpp:17. This is a repo-level header issue (likely missing include guards or a duplicate class definition) that prevents the promoted file from compiling in the full build. The candidate code is correct and byte-identical to the original.	The header src/ryj/effect.hpp likely lacks #pragma once or include guards, causing a double-definition when the candidate's #include "ryj/effect.hpp" is combined with the existing include in effect.cpp. Alternatively, promote's header modification (adding PartMng member) triggers a redefinition. The fix would be to add include guards to effect.hpp or resolve the duplicate class definition, but that requires editing a file outside the candidate.	7	2026-08-19T17:29:25Z
001dc920	84	_ZN3ryj6EFFECT4killEv	48.52	4 consecutive attempts without improving fuzzy_pct	stuck on the same codegen difference	6	2026-08-19T17:42:08Z
001ddd30	84	func_001ddd30	0.0	3 consecutive candidates failed to compile or link	model cannot produce a compiling candidate	3	2026-08-19T17:40:18Z
0022b558	104	func_0022b558	69.92	4 consecutive attempts without improving fuzzy_pct	stuck on the same codegen difference	5	2026-08-19T23:02:30Z
002421e8	80	func_002421e8	23.25	9 attempts, best 23% -- cannot reproduce 'lw; andi 1; andi 0xff' plus the s0 (callee-saved) result variable; gcc keeps folding the second test into a branchless sltu/andi	the 0x35ecb8 flag is read through an inlined accessor returning bool/u8 that gcc 3.2 cannot narrow to lbu; the result variable is live across the call for a reason my source shape does not reproduce	9	2026-08-19T02:41:02Z
00247bb0	108	func_00247bb0	75.67	4 consecutive attempts without improving fuzzy_pct	stuck on the same codegen difference	7	2026-08-19T17:53:27Z
00249358	108	func_00249358	72.96	4 consecutive attempts without improving fuzzy_pct	stuck on the same codegen difference	6	2026-08-19T17:53:38Z
0024c828	108	func_0024c828	97.41	4 consecutive attempts without improving fuzzy_pct	stuck on the same codegen difference	9	2026-08-19T17:54:54Z
0024eb50	108	func_0024eb50	7.23	4 consecutive attempts without improving fuzzy_pct	stuck on the same codegen difference	6	2026-08-19T17:49:53Z
00262360	100	func_00262360	96.15	4 consecutive attempts without improving fuzzy_pct	stuck on the same codegen difference	5	2026-08-19T18:45:07Z
002865d0	84	func_002865d0	71.62	4 consecutive attempts without improving fuzzy_pct	stuck on the same codegen difference	5	2026-08-19T17:42:26Z
0028ce38	92	_ZN2Tz10MenuCursor9DeleteAllEz	100.0	compile_diff is byte-exact (100.0%, size_ok, empty diff) for the candidate: a free function with asm label _ZN2Tz10MenuCursor9DeleteAllEz that loops i from 0 while i < D_0035f404 calling func_0028cdb8(i), then stores 0 to D_0035f410. However promote fails every time: functions.tsv already contains a duplicate entry for 0x0028ce38 (line 7090 vs line 4589, both _ZN2Tz10MenuCursor9DeleteAllEz), and tools/common.py refuses to load the registry, so the full build cannot run. This is a registry data problem outside the candidate file; I cannot edit functions.tsv myself.	The duplicate registry row for 0x0028ce38 (one likely the E3 _ZN2Tz10MenuCursor9DeleteAllEv row and one the Ez placeholder) must be deduplicated by hand before promote can verify. The matched source is: void Tz_MenuCursor_DeleteAll() asm("_ZN2Tz10MenuCursor9DeleteAllEz") { s32 i = 0; while (i < D_0035f404) { func_0028cdb8(i); i = i + 1; } D_0035f410 = 0; }	4	2026-08-19T18:10:50Z
00294408	116	func_00294408	48.48	4 consecutive attempts without improving fuzzy_pct	stuck on the same codegen difference	6	2026-08-19T23:01:20Z
00294480	80	func_00294480	97.0	4 consecutive attempts without improving fuzzy_pct	stuck on the same codegen difference	8	2026-08-19T17:38:45Z
0029c958	124	func_0029c958	76.87	4 consecutive attempts without improving fuzzy_pct	stuck on the same codegen difference	9	2026-08-19T23:01:58Z
002aa048	80	func_002aa048	99.75	4 consecutive attempts without improving fuzzy_pct	stuck on the same codegen difference	6	2026-08-19T17:38:04Z
002aa450	84	func_002aa450	0.0	3 consecutive candidates failed to compile or link	model cannot produce a compiling candidate	3	2026-08-19T17:41:38Z
002aab90	84	func_002aab90	74.38	4 consecutive attempts without improving fuzzy_pct	stuck on the same codegen difference	5	2026-08-19T17:43:38Z
002aae30	84	func_002aae30	77.52	4 consecutive attempts without improving fuzzy_pct	stuck on the same codegen difference	9	2026-08-19T18:04:59Z
002ab258	84	func_002ab258	74.14	4 consecutive attempts without improving fuzzy_pct	stuck on the same codegen difference	5	2026-08-19T18:04:54Z
002c5658	116	func_002c5658	77.1	4 consecutive attempts without improving fuzzy_pct	stuck on the same codegen difference	5	2026-08-19T23:01:32Z
002e36f0	92	_ZN2Ti21trap_reverse_path_wayEP8BD_VALUE	68.79	4 consecutive attempts without improving fuzzy_pct	stuck on the same codegen difference	6	2026-08-19T18:39:05Z
002fea18	88	rand	45.05	4 consecutive attempts without improving fuzzy_pct	stuck on the same codegen difference	8	2026-08-19T18:43:14Z
0031afa8	84	func_0031afa8	68.05	4 consecutive attempts without improving fuzzy_pct	stuck on the same codegen difference	10	2026-08-19T18:00:46Z
0031b000	112	func_0031b000	75.46	3 consecutive candidates failed to compile or link	model cannot produce a compiling candidate	6	2026-08-19T17:59:05Z
0031b0c0	108	func_0031b0c0	59.74	4 consecutive attempts without improving fuzzy_pct	stuck on the same codegen difference	6	2026-08-19T22:56:44Z
0031c668	144	func_0031c668	98.28	4 consecutive attempts without improving fuzzy_pct	stuck on the same codegen difference	8	2026-08-19T22:55:41Z
0031c6f8	172	func_0031c6f8	72.07	4 consecutive attempts without improving fuzzy_pct	stuck on the same codegen difference	6	2026-08-19T22:57:04Z
0031c7a8	144	func_0031c7a8	98.36	4 consecutive attempts without improving fuzzy_pct	stuck on the same codegen difference	15	2026-08-19T22:56:14Z
0031c838	172	func_0031c838	83.16	4 consecutive attempts without improving fuzzy_pct	stuck on the same codegen difference	6	2026-08-19T22:57:16Z
0031da48	168	func_0031da48	83.24	4 consecutive attempts without improving fuzzy_pct	stuck on the same codegen difference	8	2026-08-19T22:59:37Z
00321ce8	92	func_00321ce8	100.0	compile_diff returned exact:true (100.0%, size_ok, empty diff) on attempt 1 — the candidate is byte-identical to the shipped row. However, promote() fails every time because the repo's `make verify` target errors out on a pre-existing '#pragma once is obsolete' warning in src/tozawa/menu_sound.hpp (Error 1 before it can print MATCHED!). That header is outside my edit scope, so I cannot fix the build failure. The decompilation is complete and verified byte-exact; only the repo-side verify build is broken.	func_00321ce8 is a doubly-linked-list removal: head at +0, prev at +4, next at +96 (0x60). It unlinks node a1 from the list rooted at a0 (handling head/interior/tail cases), then nulls the removed node's next pointer. Exact match achieved; blocked only by an unrelated pre-existing build warning in menu_sound.hpp.	1	2026-08-19T18:40:36Z
