ts	engine	addr	attempt	wall_s	outcome
1787251955	codex	0x00279a10	1	429	ok
1787252277	codex	0x00279a10	2	322	ok
1787252547	codex	0x00279a10	3	270	ok
1787252743	codex	0x00279a10	4	196	ok
1787253122	codex	0x00279a10	5	379	ok
1787253413	codex	0x00279a10	6	291	ok
1787253687	codex	0x00279a10	7	274	ok
1787253960	codex	0x00279a10	8	273	ok
1787254153	codex	0x00323540	1	192	ok
1787254410	codex	0x00323540	2	257	ok
1787254557	codex	0x00323540	3	147	ok
1787254689	codex	0x00323540	4	132	ok
1787255021	codex	0x00323540	5	332	ok
1787255380	codex	0x00323540	6	359	ok
1787255659	codex	0x00323540	7	279	ok
1787255941	codex	0x00323540	8	281	ok
1787256261	codex	0x002a18d0	1	320	ok
1787256569	codex	0x002a18d0	2	307	ok
1787257032	codex	0x002a18d0	3	463	ok
1787257434	codex	0x002a18d0	4	402	ok
1787257606	codex	0x002a18d0	5	172	ok
1787257750	codex	0x002a18d0	6	143	ok
1787258074	codex	0x002a18d0	7	324	ok
1787258444	codex	0x002a18d0	8	370	ok
1787258709	codex	0x00107888	1	265	ok
1787258942	codex	0x00107888	2	233	ok
1787259258	codex	0x00107888	3	317	ok
1787259529	codex	0x00107888	4	271	ok
1787259887	codex	0x00107888	5	358	ok
1787260052	codex	0x00107888	6	165	ok
1787260532	codex	0x00107888	7	480	timeout
1787260737	codex	0x00107888	8	205	ok
1787260819	codex	0x00148690	1	82	ok
1787260928	codex	0x00148690	2	110	ok
1787261105	codex	0x00148690	3	177	ok
1787261192	codex	0x00148690	4	86	ok
1787261392	codex	0x00148690	5	201	ok
1787261479	codex	0x00148690	6	87	ok
1787261616	codex	0x00148690	7	136	ok
1787261785	codex	0x00148690	8	169	ok
1787261992	codex	0x00289b30	1	207	ok
1787262191	codex	0x00289b30	2	199	ok
1787262304	codex	0x00289b30	3	113	ok
1787262420	codex	0x00289b30	4	116	ok
